timestamp;x;y;theta
1582466546620;0;0;0
1582466546641;0.010000000000000005;0;0
1582466546660;0.020000000000000014;0;0
1582466546681;0.030000000000000023;0;0
1582466546700;0.04000000000000003;0;0
1582466546720;0.05000000000000004;0;0
1582466546741;0.060000000000000046;0;0
1582466546761;0.07000000000000005;0;0
1582466546784;0.08000000000000006;0;0
1582466546803;0.09000000000000007;0;0
1582466546820;0.10000000000000007;0;0
1582466546840;0.11000000000000008;0;0
1582466546861;0.12000000000000009;0;0
1582466546881;0.1300000000000001;0;0
1582466546902;0.1400000000000001;0;0
1582466546920;0.1500000000000001;0;0
1582466546940;0.16000000000000011;0;0
1582466546961;0.17000000000000012;0;0
1582466546980;0.18000000000000013;0;0
1582466547002;0.19000000000000014;0;0
1582466547020;0.20000000000000015;0;0
1582466547040;0.21000000000000016;0;0
1582466547060;0.22000000000000017;0;0
1582466547080;0.23000000000000018;0;0
1582466547101;0.24000000000000019;0;0
1582466547121;0.25000000000000017;0;0
1582466547139;0.2600000000000002;0;0
1582466547160;0.2700000000000002;0;0
1582466547180;0.2800000000000002;0;0
1582466547201;0.2900000000000002;0;0
1582466547221;0.3000000000000002;0;0
1582466547240;0.3100000000000002;0;0
1582466547260;0.32000000000000023;0;0
1582466547280;0.33000000000000024;0;0
1582466547302;0.34000000000000025;0;0
1582466547321;0.35000000000000026;0;0
1582466547340;0.36000000000000026;0;0
1582466547360;0.3700000000000003;0;0
1582466547380;0.3800000000000003;0;0
1582466547400;0.3900000000000003;0;0
1582466547420;0.4000000000000003;0;0
1582466547440;0.4100000000000003;0;0
1582466547459;0.4200000000000003;0;0
1582466547480;0.4300000000000003;0;0
1582466547500;0.44000000000000034;0;0
1582466547520;0.45000000000000034;0;0
1582466547540;0.46000000000000035;0;0
1582466547559;0.47000000000000036;0;0
1582466547581;0.48000000000000037;0;0
1582466547600;0.4900000000000004;0;0
1582466547620;0.5000000000000003;0;0
1582466547641;0.5099999999999992;0;0
1582466547660;0.5199999999999981;0;0
1582466547681;0.529999999999997;0;0
1582466547701;0.5399999999999959;0;0
1582466547720;0.5499999999999948;0;0
1582466547741;0.5599999999999937;0;0
1582466547761;0.5699999999999926;0;0
1582466547780;0.5799999999999915;0;0
1582466547801;0.5899999999999904;0;0
1582466547820;0.5999999999999893;0;0
1582466547840;0.6099999999999882;0;0
1582466547859;0.6199999999999871;0;0
1582466547880;0.629999999999986;0;0
1582466547901;0.6399999999999849;0;0
1582466547921;0.6499999999999838;0;0
1582466547940;0.6599999999999827;0;0
1582466547961;0.6699999999999816;0;0
1582466547980;0.6799999999999805;0;0
1582466548001;0.6899999999999794;0;0
1582466548021;0.6999999999999783;0;0
1582466548040;0.7099999999999772;0;0
1582466548060;0.7199999999999761;0;0
1582466548081;0.729999999999975;0;0
1582466548101;0.7399999999999739;0;0
1582466548120;0.7499999999999728;0;0
1582466548141;0.7599999999999717;0;0
1582466548160;0.7699999999999706;0;0
1582466548180;0.7799999999999695;0;0
1582466548200;0.7899999999999684;0;0
1582466548220;0.7999999999999673;0;0
1582466548239;0.8099999999999662;0;0
1582466548260;0.8199999999999651;0;0
1582466548281;0.829999999999964;0;0
1582466548302;0.8399999999999629;0;0
1582466548321;0.8499999999999618;0;0
1582466548348;0.8599999999999607;0;0
1582466548382;0.8699999999999596;0;0
1582466548400;0.8799999999999585;0;0
1582466548420;0.8899999999999574;0;0
1582466548440;0.8999999999999563;0;0
1582466548460;0.9099999999999552;0;0
1582466548481;0.9199999999999541;0;0
1582466548499;0.929999999999953;0;0
1582466548521;0.9399999999999519;0;0
1582466548540;0.9499999999999508;0;0
1582466548560;0.9599999999999497;0;0
1582466548580;0.9699999999999486;0;0
1582466548601;0.9799999999999475;0;0
1582466548621;0.9899999999999464;0;0
1582466548644;0.9999999999999453;0;0
1582466548662;1.0099999999999443;0;0
1582466548680;1.0199999999999432;0;0
1582466548702;1.029999999999942;0;0
1582466548722;1.039999999999941;0;0
1582466548740;1.0499999999999399;0;0
1582466548761;1.0599999999999388;0;0
1582466548781;1.0699999999999377;0;0
1582466548802;1.0799999999999366;0;0
1582466548822;1.0899999999999355;0;0
1582466548840;1.0999999999999344;0;0
1582466548860;1.1099999999999333;0;0
1582466548881;1.1199999999999322;0;0
1582466548904;1.129999999999931;0;0
1582466548921;1.13999999999993;0;0
1582466548940;1.1499999999999289;0;0
1582466548960;1.1599999999999278;0;0
1582466548981;1.1699999999999267;0;0
1582466549002;1.1799999999999256;0;0
1582466549022;1.1899999999999245;0;0
1582466549041;1.1999999999999234;0;0
1582466549060;1.2099999999999222;0;0
1582466549081;1.2199999999999211;0;0
1582466549100;1.22999999999992;0;0
1582466549120;1.239999999999919;0;0
1582466549141;1.2499999999999178;0;0
1582466549160;1.2599999999999167;0;0
1582466549180;1.2699999999999156;0;0
1582466549202;1.2799999999999145;0;0
1582466549221;1.2899999999999134;0;0
1582466549240;1.2999999999999123;0;0
1582466549260;1.3099999999999112;0;0
1582466549281;1.3199999999999101;0;0
1582466549301;1.329999999999909;0;0
1582466549320;1.339999999999908;0;0
1582466549341;1.3499999999999068;0;0
1582466549361;1.3599999999999057;0;0
1582466549379;1.3699999999999046;0;0
1582466549401;1.3799999999999035;0;0
1582466549420;1.3899999999999024;0;0
1582466549441;1.3999999999999013;0;0
1582466549461;1.4099999999999002;0;0
1582466549481;1.4199999999998991;0;0
1582466549503;1.429999999999898;0;0
1582466549521;1.439999999999897;0;0
1582466549541;1.4499999999998958;0;0
1582466549560;1.4599999999998947;0;0
1582466549581;1.4699999999998936;0;0
1582466549600;1.4799999999998925;0;0
1582466549621;1.4899999999998914;0;0
1582466549646;1.49519999999989;0;0
1582466549660;1.5003999999998885;0;0
1582466549681;1.505599999999887;0;0
1582466549701;1.5107999999998856;0;0
1582466549721;1.515999999999884;0;0
1582466549740;1.5211999999998826;0;0
1582466549760;1.5263999999998812;0;0
1582466549780;1.5315999999998797;0;0
1582466549803;1.5367999999998783;0;0
1582466549822;1.5419999999998768;0;0
1582466549840;1.5471999999998753;0;0
1582466549861;1.5523999999998739;0;0
1582466549880;1.5575999999998724;0;0
1582466549901;1.562799999999871;0;0
1582466549920;1.5679999999998695;0;0
1582466549940;1.573199999999868;0;0
1582466549960;1.5783999999998666;0;0
1582466549980;1.5835999999998651;0;0
1582466550000;1.5887999999998637;0;0
1582466550021;1.5939999999998622;0;0
1582466550040;1.5991999999998607;0;0
1582466550061;1.6043999999998593;0;0
1582466550079;1.6095999999998578;0;0
1582466550101;1.6147999999998564;0;0
1582466550121;1.619999999999855;0;0
1582466550141;1.6251999999998534;0;0
1582466550159;1.630399999999852;0;0
1582466550181;1.6355999999998505;0;0
1582466550202;1.640799999999849;0;0
1582466550221;1.6459999999998476;0;0
1582466550241;1.6511999999998461;0;0
1582466550260;1.6563999999998447;0;0
1582466550280;1.6615999999998432;0;0
1582466550301;1.6667999999998417;0;0
1582466550319;1.6719999999998403;0;0
1582466550340;1.6771999999998388;0;0
1582466550361;1.6823999999998374;0;0
1582466550380;1.687599999999836;0;0
1582466550400;1.6927999999998344;0;0
1582466550420;1.697999999999833;0;0
1582466550441;1.7031999999998315;0;0
1582466550460;1.70839999999983;0;0
1582466550480;1.7135999999998286;0;0
1582466550500;1.7187999999998271;0;0
1582466550520;1.7239999999998257;0;0
1582466550542;1.7291999999998242;0;0
1582466550561;1.7343999999998228;0;0
1582466550582;1.7395999999998213;0;0
1582466550600;1.7447999999998198;0;0
1582466550620;1.7499999999998184;0;0
1582466550643;1.7525999999998176;0;0
1582466550662;1.755199999999817;0;0
1582466550682;1.7577999999998162;0;0
1582466550701;1.7603999999998154;0;0
1582466550723;1.7629999999998147;0;0
1582466550741;1.765599999999814;0;0
1582466550761;1.7681999999998133;0;0
1582466550780;1.7707999999998125;0;0
1582466550801;1.7733999999998118;0;0
1582466550821;1.775999999999811;0;0
1582466550840;1.7785999999998103;0;0
1582466550861;1.7811999999998096;0;0
1582466550880;1.7837999999998089;0;0
1582466550901;1.7863999999998081;0;0
1582466550922;1.7889999999998074;0;0
1582466550941;1.7915999999998067;0;0
1582466550961;1.794199999999806;0;0
1582466550981;1.7967999999998052;0;0
1582466551001;1.7993999999998045;0;0
1582466551022;1.8019999999998038;0;0
1582466551043;1.804599999999803;0;0
1582466551060;1.8071999999998023;0;0
1582466551079;1.8097999999998016;0;0
1582466551099;1.8123999999998008;0;0
1582466551121;1.8149999999998;0;0
1582466551140;1.8175999999997994;0;0
1582466551161;1.8201999999997986;0;0
1582466551185;1.822799999999798;0;0
1582466551201;1.8253999999997972;0;0
1582466551221;1.8279999999997965;0;0
1582466551240;1.8305999999997957;0;0
1582466551260;1.833199999999795;0;0
1582466551280;1.8357999999997943;0;0
1582466551300;1.8383999999997935;0;0
1582466551320;1.8409999999997928;0;0
1582466551340;1.843599999999792;0;0
1582466551360;1.8461999999997913;0;0
1582466551381;1.8487999999997906;0;0
1582466551400;1.8513999999997899;0;0
1582466551420;1.8539999999997891;0;0
1582466551441;1.8565999999997884;0;0
1582466551460;1.8591999999997877;0;0
1582466551479;1.861799999999787;0;0
1582466551500;1.8643999999997862;0;0
1582466551521;1.8669999999997855;0;0
1582466551541;1.8695999999997848;0;0
1582466551561;1.872199999999784;0;0
1582466551580;1.8747999999997833;0;0
1582466551600;1.8773999999997826;0;0
1582466551621;1.8799999999997818;0;0
1582466551643;1.8812999999997815;0;0
1582466551661;1.8825999999997811;0;0
1582466551681;1.8838999999997807;0;0
1582466551701;1.8851999999997804;0;0
1582466551722;1.88649999999978;0;0
1582466551743;1.8877999999997797;0;0
1582466551761;1.8890999999997793;0;0
1582466551781;1.890399999999779;0;0
1582466551801;1.8916999999997786;0;0
1582466551822;1.8929999999997782;0;0
1582466551840;1.8942999999997778;0;0
1582466551860;1.8955999999997775;0;0
1582466551880;1.896899999999777;0;0
1582466551901;1.8981999999997767;0;0
1582466551922;1.8994999999997764;0;0
1582466551941;1.900799999999776;0;0
1582466551961;1.9020999999997756;0;0
1582466551980;1.9033999999997753;0;0
1582466551999;1.904699999999775;0;0
1582466552022;1.9059999999997745;0;0
1582466552041;1.9072999999997742;0;0
1582466552060;1.9085999999997738;0;0
1582466552080;1.9098999999997734;0;0
1582466552099;1.911199999999773;0;0
1582466552122;1.9124999999997727;0;0
1582466552140;1.9137999999997723;0;0
1582466552160;1.915099999999772;0;0
1582466552181;1.9163999999997716;0;0
1582466552200;1.9176999999997713;0;0
1582466552221;1.918999999999771;0;0
1582466552241;1.9202999999997705;0;0
1582466552260;1.9215999999997702;0;0
1582466552281;1.9228999999997698;0;0
1582466552301;1.9241999999997694;0;0
1582466552321;1.925499999999769;0;0
1582466552340;1.9267999999997687;0;0
1582466552360;1.9280999999997683;0;0
1582466552380;1.929399999999768;0;0
1582466552401;1.9306999999997676;0;0
1582466552420;1.9319999999997672;0;0
1582466552440;1.9332999999997669;0;0
1582466552461;1.9345999999997665;0;0
1582466552480;1.9358999999997661;0;0
1582466552500;1.9371999999997658;0;0
1582466552521;1.9384999999997654;0;0
1582466552541;1.939799999999765;0;0
1582466552561;1.9410999999997647;0;0
1582466552581;1.9423999999997643;0;0
1582466552600;1.943699999999764;0;0
1582466552620;1.9449999999997636;0;0
1582466552642;1.945599999999763;0;0
1582466552663;1.9461999999997626;0;0
1582466552681;1.946799999999762;0;0
1582466552701;1.9473999999997615;0;0
1582466552723;1.947999999999761;0;0
1582466552743;1.9485999999997605;0;0
1582466552760;1.94919999999976;0;0
1582466552780;1.9497999999997595;0;0
1582466552801;1.950399999999759;0;0
1582466552821;1.9509999999997585;0;0
1582466552840;1.951599999999758;0;0
1582466552860;1.9521999999997575;0;0
1582466552880;1.952799999999757;0;0
1582466552899;1.9533999999997564;0;0
1582466552921;1.953999999999756;0;0
1582466552940;1.9545999999997554;0;0
1582466552961;1.955199999999755;0;0
1582466552979;1.9557999999997544;0;0
1582466553001;1.956399999999754;0;0
1582466553019;1.9569999999997534;0;0
1582466553040;1.9575999999997529;0;0
1582466553061;1.9581999999997524;0;0
1582466553081;1.9587999999997519;0;0
1582466553101;1.9593999999997513;0;0
1582466553121;1.9599999999997508;0;0
1582466553141;1.9605999999997503;0;0
1582466553161;1.9611999999997498;0;0
1582466553179;1.9617999999997493;0;0
1582466553200;1.9623999999997488;0;0
1582466553220;1.9629999999997483;0;0
1582466553240;1.9635999999997478;0;0
1582466553260;1.9641999999997473;0;0
1582466553280;1.9647999999997467;0;0
1582466553299;1.9653999999997462;0;0
1582466553320;1.9659999999997457;0;0
1582466553341;1.9665999999997452;0;0
1582466553362;1.9671999999997447;0;0
1582466553381;1.9677999999997442;0;0
1582466553400;1.9683999999997437;0;0
1582466553421;1.9689999999997432;0;0
1582466553441;1.9695999999997427;0;0
1582466553461;1.9701999999997422;0;0
1582466553481;1.9707999999997416;0;0
1582466553501;1.9713999999997411;0;0
1582466553521;1.9719999999997406;0;0
1582466553541;1.9725999999997401;0;0
1582466553561;1.9731999999997396;0;0
1582466553580;1.973799999999739;0;0
1582466553600;1.9743999999997386;0;0
1582466553621;1.974999999999738;0;0
1582466553644;1.97529999999974;0;0
1582466553660;1.975599999999742;0;0
1582466553681;1.975899999999744;0;0
1582466553701;1.976199999999746;0;0
1582466553721;1.976499999999748;0;0
1582466553742;1.9767999999997499;0;0
1582466553761;1.9770999999997518;0;0
1582466553781;1.9773999999997538;0;0
1582466553800;1.9776999999997558;0;0
1582466553821;1.9779999999997577;0;0
1582466553843;1.9782999999997597;0;0
1582466553862;1.9785999999997617;0;0
1582466553880;1.9788999999997636;0;0
1582466553901;1.9791999999997656;0;0
1582466553921;1.9794999999997676;0;0
1582466553943;1.9797999999997695;0;0
1582466553962;1.9800999999997715;0;0
1582466553980;1.9803999999997735;0;0
1582466554000;1.9806999999997754;0;0
1582466554021;1.9809999999997774;0;0
1582466554041;1.9812999999997793;0;0
1582466554061;1.9815999999997813;0;0
1582466554080;1.9818999999997833;0;0
1582466554100;1.9821999999997852;0;0
1582466554121;1.9824999999997872;0;0
1582466554141;1.9827999999997892;0;0
1582466554160;1.9830999999997911;0;0
1582466554180;1.983399999999793;0;0
1582466554201;1.983699999999795;0;0
1582466554221;1.983999999999797;0;0
1582466554242;1.984299999999799;0;0
1582466554261;1.984599999999801;0;0
1582466554281;1.984899999999803;0;0
1582466554300;1.985199999999805;0;0
1582466554320;1.9854999999998069;0;0
1582466554341;1.9857999999998088;0;0
1582466554362;1.9860999999998108;0;0
1582466554380;1.9863999999998128;0;0
1582466554400;1.9866999999998147;0;0
1582466554421;1.9869999999998167;0;0
1582466554440;1.9872999999998187;0;0
1582466554461;1.9875999999998206;0;0
1582466554481;1.9878999999998226;0;0
1582466554501;1.9881999999998246;0;0
1582466554520;1.9884999999998265;0;0
1582466554541;1.9887999999998285;0;0
1582466554560;1.9890999999998304;0;0
1582466554580;1.9893999999998324;0;0
1582466554600;1.9896999999998344;0;0
1582466554620;1.9899999999998363;0;0
1582466554643;1.9901999999998377;0;0
1582466554662;1.990399999999839;0;0
1582466554681;1.9905999999998403;0;0
1582466554700;1.9907999999998416;0;0
1582466554721;1.990999999999843;0;0
1582466554742;1.9911999999998442;0;0
1582466554761;1.9913999999998455;0;0
1582466554780;1.9915999999998468;0;0
1582466554801;1.9917999999998481;0;0
1582466554820;1.9919999999998494;0;0
1582466554842;1.9921999999998508;0;0
1582466554863;1.992399999999852;0;0
1582466554881;1.9925999999998534;0;0
1582466554900;1.9927999999998547;0;0
1582466554920;1.992999999999856;0;0
1582466554942;1.9931999999998573;0;0
1582466554962;1.9933999999998586;0;0
1582466554981;1.99359999999986;0;0
1582466555001;1.9937999999998612;0;0
1582466555021;1.9939999999998625;0;0
1582466555042;1.9941999999998639;0;0
1582466555061;1.9943999999998652;0;0
1582466555081;1.9945999999998665;0;0
1582466555101;1.9947999999998678;0;0
1582466555120;1.994999999999869;0;0
1582466555140;1.9951999999998704;0;0
1582466555160;1.9953999999998717;0;0
1582466555180;1.995599999999873;0;0
1582466555201;1.9957999999998743;0;0
1582466555220;1.9959999999998757;0;0
1582466555239;1.996199999999877;0;0
1582466555261;1.9963999999998783;0;0
1582466555280;1.9965999999998796;0;0
1582466555300;1.996799999999881;0;0
1582466555320;1.9969999999998822;0;0
1582466555341;1.9971999999998835;0;0
1582466555360;1.9973999999998848;0;0
1582466555380;1.9975999999998861;0;0
1582466555401;1.9977999999998874;0;0
1582466555421;1.9979999999998888;0;0
1582466555441;1.99819999999989;0;0
1582466555460;1.9983999999998914;0;0
1582466555480;1.9985999999998927;0;0
1582466555500;1.998799999999894;0;0
1582466555520;1.9989999999998953;0;0
1582466555541;1.9991999999998966;0;0
1582466555560;1.999399999999898;0;0
1582466555580;1.9995999999998992;0;0
1582466555599;1.9997999999999005;0;0
1582466555620;1.9999999999999019;0;0
1582466555641;2.000099999999898;0;0
1582466555662;2.0001999999998943;0;0
1582466555681;2.0002999999998905;0;0
1582466555699;2.0003999999998867;0;0
1582466555720;2.000499999999883;0;0
1582466555740;2.000599999999879;0;0
1582466555763;2.0006999999998754;0;0
1582466555780;2.0007999999998716;0;0
1582466555801;2.000899999999868;0;0
1582466555820;2.000999999999864;0;0
1582466555840;2.00109999999986;0;0
1582466555862;2.0011999999998564;0;0
1582466555880;2.0012999999998526;0;0
1582466555901;2.001399999999849;0;0
1582466555920;2.001499999999845;0;0
1582466555940;2.0015999999998413;0;0
1582466555961;2.0016999999998375;0;0
1582466555980;2.0017999999998337;0;0
1582466556000;2.00189999999983;0;0
1582466556019;2.001999999999826;0;0
1582466556040;2.0020999999998224;0;0
1582466556061;2.0021999999998186;0;0
1582466556080;2.002299999999815;0;0
1582466556101;2.002399999999811;0;0
1582466556120;2.002499999999807;0;0
1582466556140;2.0025999999998034;0;0
1582466556161;2.0026999999997996;0;0
1582466556182;2.002799999999796;0;0
1582466556200;2.002899999999792;0;0
1582466556220;2.0029999999997883;0;0
1582466556241;2.0030999999997845;0;0
1582466556261;2.0031999999997807;0;0
1582466556280;2.003299999999777;0;0
1582466556301;2.003399999999773;0;0
1582466556320;2.0034999999997694;0;0
1582466556340;2.0035999999997656;0;0
1582466556360;2.003699999999762;0;0
1582466556380;2.003799999999758;0;0
1582466556400;2.003899999999754;0;0
1582466556420;2.0039999999997504;0;0
1582466556440;2.0040999999997466;0;0
1582466556460;2.004199999999743;0;0
1582466556481;2.004299999999739;0;0
1582466556499;2.0043999999997353;0;0
1582466556520;2.0044999999997315;0;0
1582466556539;2.0045999999997277;0;0
1582466556560;2.004699999999724;0;0
1582466556580;2.00479999999972;0;0
1582466556601;2.0048999999997164;0;0
1582466556619;2.0049999999997126;0;0
1582466556642;2.0049999999997126;0;0
1582466556664;2.0049999999997126;0;0
1582466556680;2.0049999999997126;0;0
1582466556700;2.0049999999997126;0;0
1582466556721;2.0049999999997126;0;0
1582466556740;2.0049999999997126;0;0
1582466556762;2.0049999999997126;0;0
1582466556781;2.0049999999997126;0;0
1582466556801;2.0049999999997126;0;0
1582466556821;2.0049999999997126;0;0
1582466556841;2.0049999999997126;0;0
1582466556863;2.0049999999997126;0;0
1582466556883;2.0049999999997126;0;0
1582466556901;2.0049999999997126;0;0
1582466556921;2.0049999999997126;0;0
1582466556940;2.0049999999997126;0;0
1582466556963;2.0049999999997126;0;0
1582466556981;2.0049999999997126;0;0
1582466557000;2.0049999999997126;0;0
1582466557020;2.0049999999997126;0;0
1582466557039;2.0049999999997126;0;0
1582466557062;2.0049999999997126;0;0
1582466557080;2.0049999999997126;0;0
1582466557101;2.0049999999997126;0;0
1582466557122;2.0049999999997126;0;0
1582466557140;2.0049999999997126;0;0
1582466557160;2.0049999999997126;0;0
1582466557181;2.0049999999997126;0;0
1582466557200;2.0049999999997126;0;0
1582466557220;2.0049999999997126;0;0
1582466557240;2.0049999999997126;0;0
1582466557260;2.0049999999997126;0;0
1582466557280;2.0049999999997126;0;0
1582466557300;2.0049999999997126;0;0
1582466557320;2.0049999999997126;0;0
1582466557341;2.0049999999997126;0;0
1582466557360;2.0049999999997126;0;0
1582466557381;2.0049999999997126;0;0
1582466557401;2.0049999999997126;0;0
1582466557420;2.0049999999997126;0;0
1582466557442;2.0049999999997126;0;0
1582466557461;2.0049999999997126;0;0
1582466557481;2.0049999999997126;0;0
1582466557501;2.0049999999997126;0;0
1582466557520;2.0049999999997126;0;0
1582466557540;2.0049999999997126;0;0
1582466557562;2.0049999999997126;0;0
1582466557580;2.0049999999997126;0;0
1582466557600;2.0049999999997126;0;0
1582466557620;2.0049999999997126;0;0
1582466557650;2.0049999999997126;0;0
1582466557668;2.0049999999997126;0;0
1582466557682;2.0049999999997126;0;0
1582466557700;2.0049999999997126;0;0
1582466557720;2.0049999999997126;0;0
1582466557741;2.0049999999997126;0;0
1582466557760;2.0049999999997126;0;0
1582466557779;2.0049999999997126;0;0
1582466557800;2.0049999999997126;0;0
1582466557821;2.0049999999997126;0;0
1582466557842;2.0049999999997126;0;0
1582466557864;2.0049999999997126;0;0
1582466557881;2.0049999999997126;0;0
1582466557919;2.0049999999997126;0;0
1582466557923;2.0049999999997126;0;0
1582466557940;2.0049999999997126;0;0
1582466557962;2.0049999999997126;0;0
1582466557981;2.0049999999997126;0;0
1582466558001;2.0049999999997126;0;0
1582466558020;2.0049999999997126;0;0
1582466558041;2.0049999999997126;0;0
1582466558060;2.0049999999997126;0;0
1582466558080;2.0049999999997126;0;0
1582466558101;2.0049999999997126;0;0
1582466558121;2.0049999999997126;0;0
1582466558141;2.0049999999997126;0;0
1582466558161;2.0049999999997126;0;0
1582466558182;2.0049999999997126;0;0
1582466558202;2.0049999999997126;0;0
1582466558222;2.0049999999997126;0;0
1582466558241;2.0049999999997126;0;0
1582466558261;2.0049999999997126;0;0
1582466558280;2.0049999999997126;0;0
1582466650542;0;0;0
1582466650563;0;0;0
1582466650583;0;0;0
1582466650602;0;0;0
1582466650623;0;0;0
1582466650643;0;0;0
1582466650664;0;0;0
1582466650684;0;0;0
1582466650705;0;0;0
1582466650723;0;0;0
1582466650744;0;0;0
1582466650765;0;0;0
1582466650783;0;0;0
1582466650803;0;0;0
1582466650823;0;0;0
1582466650843;0;0;0
1582466650862;0;0;0
1582466650883;0;0;0
1582466650902;0;0;0
1582466650923;0;0;0
1582466650943;0;0;0
1582466650964;0;0;0
1582466650983;0;0;0
1582466651003;0;0;0
1582466651023;0;0;0
1582466651043;0;0;0
1582466651063;0;0;0
1582466651084;0;0;0
1582466651103;0;0;0
1582466651125;0;0;0
1582466651144;0;0;0
1582466651165;0;0;0
1582466651185;0;0;0
1582466651204;0;0;0
1582466651224;0;0;0
1582466651243;0;0;0
1582466651264;0;0;0
1582466651283;0;0;0
1582466651303;0;0;0
1582466651323;0;0;0
1582466651343;0;0;0
1582466651363;0;0;0
1582466651383;0;0;0
1582466651407;0.010000000000000005;0;0
1582466651423;0.020000000000000014;0;0
1582466651443;0.030000000000000023;0;0
1582466651463;0.04000000000000003;0;0
1582466651483;0.05000000000000004;0;0
1582466651504;0.060000000000000046;0;0
1582466651524;0.07000000000000005;0;0
1582466651544;0.08000000000000006;0;0
1582466651563;0.09000000000000007;0;0
1582466651583;0.10000000000000007;0;0
1582466651602;0.11000000000000008;0;0
1582466651624;0.12000000000000009;0;0
1582466651643;0.1300000000000001;0;0
1582466651666;0.1400000000000001;0;0
1582466651685;0.1500000000000001;0;0
1582466651703;0.16000000000000011;0;0
1582466651722;0.17000000000000012;0;0
1582466651743;0.18000000000000013;0;0
1582466651762;0.19000000000000014;0;0
1582466651784;0.20000000000000015;0;0
1582466651802;0.21000000000000016;0;0
1582466651822;0.22000000000000017;0;0
1582466651844;0.23000000000000018;0;0
1582466651865;0.24000000000000019;0;0
1582466651885;0.25000000000000017;0;0
1582466651902;0.2600000000000002;0;0
1582466651924;0.2700000000000002;0;0
1582466651942;0.2800000000000002;0;0
1582466651964;0.2900000000000002;0;0
1582466651984;0.3000000000000002;0;0
1582466652003;0.3100000000000002;0;0
1582466652023;0.32000000000000023;0;0
1582466652043;0.33000000000000024;0;0
1582466652062;0.34000000000000025;0;0
1582466652083;0.35000000000000026;0;0
1582466652103;0.36000000000000026;0;0
1582466652123;0.3700000000000003;0;0
1582466652143;0.3800000000000003;0;0
1582466652163;0.3900000000000003;0;0
1582466652183;0.4000000000000003;0;0
1582466652203;0.4100000000000003;0;0
1582466652223;0.4200000000000003;0;0
1582466652244;0.4300000000000003;0;0
1582466652264;0.44000000000000034;0;0
1582466652283;0.45000000000000034;0;0
1582466652304;0.46000000000000035;0;0
1582466652324;0.47000000000000036;0;0
1582466652343;0.48000000000000037;0;0
1582466652363;0.4900000000000004;0;0
1582466652383;0.5000000000000003;0;0
1582466652404;0.5099999999999992;0;0
1582466652423;0.5199999999999981;0;0
1582466652443;0.529999999999997;0;0
1582466652463;0.5399999999999959;0;0
1582466652484;0.5499999999999948;0;0
1582466652504;0.5599999999999937;0;0
1582466652523;0.5699999999999926;0;0
1582466652543;0.5799999999999915;0;0
1582466652564;0.5899999999999904;0;0
1582466652584;0.5999999999999893;0;0
1582466652603;0.6099999999999882;0;0
1582466652623;0.6199999999999871;0;0
1582466652644;0.629999999999986;0;0
1582466652662;0.6399999999999849;0;0
1582466652683;0.6499999999999838;0;0
1582466652703;0.6599999999999827;0;0
1582466652723;0.6699999999999816;0;0
1582466652744;0.6799999999999805;0;0
1582466652763;0.6899999999999794;0;0
1582466652784;0.6999999999999783;0;0
1582466652803;0.7099999999999772;0;0
1582466652823;0.7199999999999761;0;0
1582466652843;0.729999999999975;0;0
1582466652863;0.7399999999999739;0;0
1582466652883;0.7499999999999728;0;0
1582466652903;0.7599999999999717;0;0
1582466652923;0.7699999999999706;0;0
1582466652944;0.7799999999999695;0;0
1582466652964;0.7899999999999684;0;0
1582466652982;0.7999999999999673;0;0
1582466653003;0.8099999999999662;0;0
1582466653024;0.8199999999999651;0;0
1582466653044;0.829999999999964;0;0
1582466653063;0.8399999999999629;0;0
1582466653083;0.8499999999999618;0;0
1582466653103;0.8599999999999607;0;0
1582466653123;0.8699999999999596;0;0
1582466653143;0.8799999999999585;0;0
1582466653163;0.8899999999999574;0;0
1582466653191;0.8999999999999563;0;0
1582466653204;0.9099999999999552;0;0
1582466653223;0.9199999999999541;0;0
1582466653243;0.929999999999953;0;0
1582466653263;0.9399999999999519;0;0
1582466653283;0.9499999999999508;0;0
1582466653302;0.9599999999999497;0;0
1582466653323;0.9699999999999486;0;0
1582466653344;0.9799999999999475;0;0
1582466653364;0.9899999999999464;0;0
1582466653383;0.9999999999999453;0;0
1582466653404;1.0099999999999443;0;0
1582466653424;1.0199999999999432;0;0
1582466653443;1.029999999999942;0;0
1582466653463;1.039999999999941;0;0
1582466653485;1.0499999999999399;0;0
1582466653504;1.0599999999999388;0;0
1582466653524;1.0699999999999377;0;0
1582466653544;1.0799999999999366;0;0
1582466653564;1.0899999999999355;0;0
1582466653584;1.0999999999999344;0;0
1582466653604;1.1099999999999333;0;0
1582466653624;1.1199999999999322;0;0
1582466653643;1.129999999999931;0;0
1582466653663;1.13999999999993;0;0
1582466653684;1.1499999999999289;0;0
1582466653703;1.1599999999999278;0;0
1582466653723;1.1699999999999267;0;0
1582466653743;1.1799999999999256;0;0
1582466653763;1.1899999999999245;0;0
1582466653784;1.1999999999999234;0;0
1582466653803;1.2099999999999222;0;0
1582466653822;1.2199999999999211;0;0
1582466653843;1.22999999999992;0;0
1582466653863;1.239999999999919;0;0
1582466653883;1.2499999999999178;0;0
1582466653903;1.2599999999999167;0;0
1582466653923;1.2699999999999156;0;0
1582466653942;1.2799999999999145;0;0
1582466653962;1.2899999999999134;0;0
1582466653982;1.2999999999999123;0;0
1582466654003;1.3099999999999112;0;0
1582466654024;1.3199999999999101;0;0
1582466654043;1.329999999999909;0;0
1582466654064;1.339999999999908;0;0
1582466654083;1.3499999999999068;0;0
1582466654103;1.3599999999999057;0;0
1582466654123;1.3699999999999046;0;0
1582466654143;1.3799999999999035;0;0
1582466654163;1.3899999999999024;0;0
1582466654183;1.3999999999999013;0;0
1582466654203;1.4099999999999002;0;0
1582466654224;1.4199999999998991;0;0
1582466654243;1.429999999999898;0;0
1582466654263;1.439999999999897;0;0
1582466654283;1.4499999999998958;0;0
1582466654304;1.4599999999998947;0;0
1582466654322;1.4699999999998936;0;0
1582466654343;1.4799999999998925;0;0
1582466654363;1.4899999999998914;0;0
1582466654384;1.4999999999998903;0;0
1582466654409;1.5081599999998896;0;0
1582466654424;1.5163199999998889;0;0
1582466654444;1.5244799999998881;0;0
1582466654464;1.5326399999998874;0;0
1582466654485;1.5407999999998867;0;0
1582466654504;1.548959999999886;0;0
1582466654525;1.5571199999998853;0;0
1582466654543;1.5652799999998845;0;0
1582466654563;1.5734399999998838;0;0
1582466654583;1.581599999999883;0;0
1582466654603;1.5897599999998824;0;0
1582466654623;1.5979199999998817;0;0
1582466654643;1.606079999999881;0;0
1582466654664;1.6142399999998802;0;0
1582466654683;1.6223999999998795;0;0
1582466654702;1.6305599999998788;0;0
1582466654723;1.638719999999878;0;0
1582466654743;1.6468799999998773;0;0
1582466654763;1.6550399999998766;0;0
1582466654782;1.6631999999998759;0;0
1582466654802;1.6713599999998752;0;0
1582466654823;1.6795199999998744;0;0
1582466654842;1.6876799999998737;0;0
1582466654863;1.695839999999873;0;0
1582466654883;1.7039999999998723;0;0
1582466654904;1.7121599999998716;0;0
1582466654924;1.7203199999998708;0;0
1582466654944;1.7284799999998701;0;0
1582466654965;1.7366399999998694;0;0
1582466654984;1.7447999999998687;0;0
1582466655004;1.752959999999868;0;0
1582466655023;1.7611199999998672;0;0
1582466655043;1.7692799999998665;0;0
1582466655064;1.7774399999998658;0;0
1582466655083;1.785599999999865;0;0
1582466655104;1.7937599999998644;0;0
1582466655124;1.8019199999998636;0;0
1582466655144;1.810079999999863;0;0
1582466655162;1.8182399999998622;0;0
1582466655183;1.8263999999998615;0;0
1582466655204;1.8345599999998607;0;0
1582466655224;1.84271999999986;0;0
1582466655242;1.8508799999998593;0;0
1582466655264;1.8590399999998586;0;0
1582466655283;1.8671999999998579;0;0
1582466655303;1.8753599999998571;0;0
1582466655323;1.8835199999998564;0;0
1582466655343;1.8916799999998557;0;0
1582466655364;1.899839999999855;0;0
1582466655384;1.9079999999998543;0;0
1582466655404;1.9095999999998559;0;0
1582466655423;1.9111999999998575;0;0
1582466655443;1.912799999999859;0;0
1582466655463;1.9143999999998607;0;0
1582466655484;1.9159999999998623;0;0
1582466655504;1.9175999999998639;0;0
1582466655524;1.9191999999998655;0;0
1582466655542;1.920799999999867;0;0
1582466655563;1.9223999999998687;0;0
1582466655583;1.9239999999998703;0;0
1582466655604;1.9255999999998719;0;0
1582466655623;1.9271999999998735;0;0
1582466655644;1.928799999999875;0;0
1582466655663;1.9303999999998767;0;0
1582466655683;1.9319999999998783;0;0
1582466655704;1.9335999999998799;0;0
1582466655723;1.9351999999998815;0;0
1582466655743;1.936799999999883;0;0
1582466655763;1.9383999999998847;0;0
1582466655784;1.9399999999998863;0;0
1582466655803;1.9415999999998879;0;0
1582466655822;1.9431999999998895;0;0
1582466655843;1.944799999999891;0;0
1582466655864;1.9463999999998927;0;0
1582466655884;1.9479999999998943;0;0
1582466655904;1.9495999999998959;0;0
1582466655923;1.9511999999998975;0;0
1582466655943;1.952799999999899;0;0
1582466655964;1.9543999999999007;0;0
1582466655984;1.9559999999999023;0;0
1582466656003;1.9575999999999039;0;0
1582466656023;1.9591999999999055;0;0
1582466656043;1.960799999999907;0;0
1582466656062;1.9623999999999087;0;0
1582466656083;1.9639999999999103;0;0
1582466656103;1.9655999999999119;0;0
1582466656123;1.9671999999999135;0;0
1582466656145;1.968799999999915;0;0
1582466656164;1.9703999999999167;0;0
1582466656188;1.9719999999999183;0;0
1582466656205;1.9735999999999199;0;0
1582466656222;1.9751999999999215;0;0
1582466656243;1.976799999999923;0;0
1582466656264;1.9783999999999247;0;0
1582466656284;1.9799999999999263;0;0
1582466656303;1.9815999999999279;0;0
1582466656324;1.9831999999999295;0;0
1582466656343;1.984799999999931;0;0
1582466656363;1.9863999999999327;0;0
1582466656384;1.9879999999999343;0;0
1582466656406;1.9883199999999346;0;0
1582466656423;1.988639999999935;0;0
1582466656444;1.9889599999999352;0;0
1582466656464;1.9892799999999355;0;0
1582466656485;1.9895999999999359;0;0
1582466656504;1.9899199999999362;0;0
1582466656524;1.9902399999999365;0;0
1582466656544;1.9905599999999368;0;0
1582466656564;1.9908799999999371;0;0
1582466656583;1.9911999999999375;0;0
1582466656605;1.9915199999999378;0;0
1582466656623;1.991839999999938;0;0
1582466656644;1.9921599999999384;0;0
1582466656665;1.9924799999999387;0;0
1582466656683;1.992799999999939;0;0
1582466656706;1.9931199999999394;0;0
1582466656725;1.9934399999999397;0;0
1582466656744;1.99375999999994;0;0
1582466656762;1.9940799999999403;0;0
1582466656782;1.9943999999999407;0;0
1582466656804;1.994719999999941;0;0
1582466656824;1.9950399999999413;0;0
1582466656843;1.9953599999999416;0;0
1582466656863;1.995679999999942;0;0
1582466656883;1.9959999999999423;0;0
1582466656903;1.9963199999999426;0;0
1582466656923;1.996639999999943;0;0
1582466656944;1.9969599999999432;0;0
1582466656963;1.9972799999999435;0;0
1582466656983;1.9975999999999439;0;0
1582466657004;1.9979199999999442;0;0
1582466657023;1.9982399999999445;0;0
1582466657043;1.9985599999999448;0;0
1582466657063;1.9988799999999451;0;0
1582466657084;1.9991999999999455;0;0
1582466657103;1.9995199999999458;0;0
1582466657123;1.999839999999946;0;0
1582466657143;2.0001599999999464;0;0
1582466657163;2.0004799999999467;0;0
1582466657184;2.000799999999947;0;0
1582466657203;2.0011199999999474;0;0
1582466657223;2.0014399999999477;0;0
1582466657243;2.001759999999948;0;0
1582466657264;2.0020799999999483;0;0
1582466657283;2.0023999999999487;0;0
1582466657304;2.002719999999949;0;0
1582466657323;2.0030399999999493;0;0
1582466657343;2.0033599999999496;0;0
1582466657363;2.00367999999995;0;0
1582466657384;2.0039999999999503;0;0
1582466657406;2.0039999999999503;0;0
1582466657423;2.0039999999999503;0;0
1582466657443;2.0039999999999503;0;0
1582466657463;2.0039999999999503;0;0
1582466657483;2.0039999999999503;0;0
1582466657505;2.0039999999999503;0;0
1582466657523;2.0039999999999503;0;0
1582466657543;2.0039999999999503;0;0
1582466657563;2.0039999999999503;0;0
1582466657583;2.0039999999999503;0;0
1582466657603;2.0039999999999503;0;0
1582466657628;2.0039999999999503;0;0
1582466657648;2.0039999999999503;0;0
1582466657664;2.0039999999999503;0;0
1582466657683;2.0039999999999503;0;0
1582466657703;2.0039999999999503;0;0
1582466657723;2.0039999999999503;0;0
1582466657743;2.0039999999999503;0;0
1582466657764;2.0039999999999503;0;0
1582466657783;2.0039999999999503;0;0
1582466657805;2.0039999999999503;0;0
1582466657824;2.0039999999999503;0;0
1582466657844;2.0039999999999503;0;0
1582466657863;2.0039999999999503;0;0
1582466657882;2.0039999999999503;0;0
1582466657903;2.0039999999999503;0;0
1582466657924;2.0039999999999503;0;0
1582466657942;2.0039999999999503;0;0
1582466657963;2.0039999999999503;0;0
1582466657983;2.0039999999999503;0;0
1582466658004;2.0039999999999503;0;0
1582466658023;2.0039999999999503;0;0
1582466658043;2.0039999999999503;0;0
1582466658064;2.0039999999999503;0;0
1582466658083;2.0039999999999503;0;0
1582466658103;2.0039999999999503;0;0
1582466658123;2.0039999999999503;0;0
1582466658143;2.0039999999999503;0;0
1582466658163;2.0039999999999503;0;0
1582466658183;2.0039999999999503;0;0
1582466658204;2.0039999999999503;0;0
1582466658223;2.0039999999999503;0;0
1582466658244;2.0039999999999503;0;0
1582466658263;2.0039999999999503;0;0
1582466658282;2.0039999999999503;0;0
1582466658303;2.0039999999999503;0;0
1582466658323;2.0039999999999503;0;0
1582466658343;2.0039999999999503;0;0
1582466658363;2.0039999999999503;0;0
1582466658383;2.0039999999999503;0;0
1582466658405;2.0039999999999503;0;0
1582466658425;2.0039999999999503;0;0
1582466658445;2.0039999999999503;0;0
1582466658464;2.0039999999999503;0;0
1582466658483;2.0039999999999503;0;0
1582466658504;2.0039999999999503;0;0
1582466658524;2.0039999999999503;0;0
1582466658544;2.0039999999999503;0;0
1582466658563;2.0039999999999503;0;0
1582466658583;2.0039999999999503;0;0
1582466658603;2.0039999999999503;0;0
1582466658625;2.0039999999999503;0;0
1582466658643;2.0039999999999503;0;0
1582466658664;2.0039999999999503;0;0
1582466658684;2.0039999999999503;0;0
1582466658704;2.0039999999999503;0;0
1582466658724;2.0039999999999503;0;0
1582466658743;2.0039999999999503;0;0
1582466658763;2.0039999999999503;0;0
1582466658784;2.0039999999999503;0;0
1582466658804;2.0039999999999503;0;0
1582466658824;2.0039999999999503;0;0
1582466658844;2.0039999999999503;0;0
1582466658863;2.0039999999999503;0;0
1582466658884;2.0039999999999503;0;0
1582466658903;2.0039999999999503;0;0
1582466658923;2.0039999999999503;0;0
1582466658944;2.0039999999999503;0;0
1582466658963;2.0039999999999503;0;0
1582466658983;2.0039999999999503;0;0
1582466659004;2.0039999999999503;0;0
1582466659023;2.0039999999999503;0;0
1582466659043;2.0039999999999503;0;0
1582466659064;2.0039999999999503;0;0
1582466659084;2.0039999999999503;0;0
1582466659104;2.0039999999999503;0;0
1582466659123;2.0039999999999503;0;0
1582466659143;2.0039999999999503;0;0
1582466659164;2.0039999999999503;0;0
1582466659186;2.0039999999999503;0;0
1582466659203;2.0039999999999503;0;0
1582466659223;2.0039999999999503;0;0
1582466659243;2.0039999999999503;0;0
1582466659263;2.0039999999999503;0;0
1582466659282;2.0039999999999503;0;0
1582466659303;2.0039999999999503;0;0
1582466659323;2.0039999999999503;0;0
1582466659343;2.0039999999999503;0;0
1582466659363;2.0039999999999503;0;0
1582466659383;2.0039999999999503;0;0
1582466659405;2.0039999999999503;0;0
1582466659423;2.0039999999999503;0;0
1582466659442;2.0039999999999503;0;0
1582466659463;2.0039999999999503;0;0
1582466659482;2.0039999999999503;0;0
1582466659503;2.0039999999999503;0;0
1582466659524;2.0039999999999503;0;0
1582466659543;2.0039999999999503;0;0
1582466659563;2.0039999999999503;0;0
1582466659583;2.0039999999999503;0;0
1582466659603;2.0039999999999503;0;0
1582466659626;2.0039999999999503;0;0
1582466659642;2.0039999999999503;0;0
1582466659663;2.0039999999999503;0;0
1582466659683;2.0039999999999503;0;0
1582466659703;2.0039999999999503;0;0
1582466659724;2.0039999999999503;0;0
1582466659743;2.0039999999999503;0;0
1582466659763;2.0039999999999503;0;0
1582466659782;2.0039999999999503;0;0
1582466659803;2.0039999999999503;0;0
1582466659824;2.0039999999999503;0;0
1582466659843;2.0039999999999503;0;0
1582466659862;2.0039999999999503;0;0
1582466659883;2.0039999999999503;0;0
1582466659903;2.0039999999999503;0;0
1582466659923;2.0039999999999503;0;0
1582466659943;2.0039999999999503;0;0
1582466659963;2.0039999999999503;0;0
1582466659983;2.0039999999999503;0;0
1582466660004;2.0039999999999503;0;0
1582466660024;2.0039999999999503;0;0
1582466660043;2.0039999999999503;0;0
1582466660064;2.0039999999999503;0;0
1582466660083;2.0039999999999503;0;0
1582466660104;2.0039999999999503;0;0
1582466660123;2.0039999999999503;0;0
1582466660143;2.0039999999999503;0;0
1582466660164;2.0039999999999503;0;0
1582466660183;2.0039999999999503;0;0
1582466660203;2.0039999999999503;0;0
1582466660224;2.0039999999999503;0;0
1582466660242;2.0039999999999503;0;0
1582466660262;2.0039999999999503;0;0
1582466660283;2.0039999999999503;0;0
1582466660302;2.0039999999999503;0;0
1582466660322;2.0039999999999503;0;0
1582466660343;2.0039999999999503;0;0
1582466660363;2.0039999999999503;0;0
1582466660383;2.0039999999999503;0;0
1582466660405;2.0039999999999503;0;0
1582466660425;2.0039999999999503;0;0
1582466660444;2.0039999999999503;0;0
1582466660465;2.0039999999999503;0;0
1582466660483;2.0039999999999503;0;0
1582466660504;2.0039999999999503;0;0
1582466660525;2.0039999999999503;0;0
1582466660543;2.0039999999999503;0;0
1582466797302;0;0;0
1582466797308;0;0;0
1582466797329;0;0;0
1582466797347;0;0;0
1582466797367;0;0;0
1582466797387;0;0;0
1582466797407;0;0;0
1582466797428;0;0;0
1582466797447;0;0;0
1582466797468;0;0;0
1582466797488;0;0;0
1582466797509;0;0;0
1582466797527;0;0;0
1582466797548;0;0;0
1582466797567;0;0;0
1582466797587;0;0;0
1582466797607;0;0;0
1582466797626;0;0;0
1582466797648;0;0;0
1582466797667;0;0;0
1582466797687;0;0;0
1582466797708;0;0;0
1582466797728;0;0;0
1582466797747;0;0;0
1582466797767;0;0;0
1582466797787;0;0;0
1582466797809;0;0;0
1582466797828;0;0;0
1582466797846;0;0;0
1582466797868;0;0;0
1582466797886;0;0;0
1582466797908;0;0;0
1582466797928;0;0;0
1582466797947;0;0;0
1582466797966;0;0;0
1582466797987;0;0;0
1582466798008;0;0;0
1582466798027;0;0;0
1582466798047;0;0;0
1582466798067;0;0;0
1582466798087;0;0;0
1582466798107;0;0;0
1582466798127;0;0;0
1582466798147;0;0;0
1582466798185;0;0;0
1582466798188;0;0;0
1582466798207;0;0;0
1582466798228;0;0;0
1582466798253;0;0;0
1582466798268;0;0;0
1582466798288;0;0;0
1582466798308;0;0;0
1582466798328;0;0;0
1582466798347;0;0;0
1582466798366;0;0;0
1582466798388;0;0;0
1582466798408;0;0;0
1582466798427;0;0;0
1582466798446;0;0;0
1582466798468;0.010000000000000005;0;0
1582466798487;0.020000000000000014;0;0
1582466798509;0.030000000000000023;0;0
1582466798529;0.04000000000000003;0;0
1582466798547;0.05000000000000004;0;0
1582466798567;0.060000000000000046;0;0
1582466798587;0.07000000000000005;0;0
1582466798610;0.08000000000000006;0;0
1582466798629;0.09000000000000007;0;0
1582466798647;0.10000000000000007;0;0
1582466798667;0.11000000000000008;0;0
1582466798688;0.12000000000000009;0;0
1582466798707;0.1300000000000001;0;0
1582466798727;0.1400000000000001;0;0
1582466798748;0.1500000000000001;0;0
1582466798767;0.16000000000000011;0;0
1582466798786;0.17000000000000012;0;0
1582466798806;0.18000000000000013;0;0
1582466798828;0.19000000000000014;0;0
1582466798847;0.20000000000000015;0;0
1582466798867;0.21000000000000016;0;0
1582466798888;0.22000000000000017;0;0
1582466798908;0.23000000000000018;0;0
1582466798927;0.24000000000000019;0;0
1582466798947;0.25000000000000017;0;0
1582466798967;0.2600000000000002;0;0
1582466798987;0.2700000000000002;0;0
1582466799008;0.2800000000000002;0;0
1582466799027;0.2900000000000002;0;0
1582466799047;0.3000000000000002;0;0
1582466799067;0.3100000000000002;0;0
1582466799087;0.32000000000000023;0;0
1582466799107;0.33000000000000024;0;0
1582466799126;0.34000000000000025;0;0
1582466799147;0.35000000000000026;0;0
1582466799181;0.36000000000000026;0;0
1582466799187;0.3700000000000003;0;0
1582466799208;0.3800000000000003;0;0
1582466799227;0.3900000000000003;0;0
1582466799247;0.4000000000000003;0;0
1582466799267;0.4100000000000003;0;0
1582466799286;0.4200000000000003;0;0
1582466799308;0.4300000000000003;0;0
1582466799327;0.44000000000000034;0;0
1582466799347;0.45000000000000034;0;0
1582466799367;0.46000000000000035;0;0
1582466799389;0.47000000000000036;0;0
1582466799409;0.48000000000000037;0;0
1582466799428;0.4900000000000004;0;0
1582466799449;0.5000000000000003;0;0
1582466799472;0.5089999999999993;0;0
1582466799488;0.5179999999999984;0;0
1582466799508;0.5269999999999974;0;0
1582466799528;0.5359999999999964;0;0
1582466799547;0.5449999999999954;0;0
1582466799567;0.5539999999999944;0;0
1582466799588;0.5629999999999934;0;0
1582466799607;0.5719999999999924;0;0
1582466799628;0.5809999999999914;0;0
1582466799647;0.5899999999999904;0;0
1582466799667;0.5989999999999894;0;0
1582466799687;0.6079999999999884;0;0
1582466799708;0.6169999999999874;0;0
1582466799729;0.6259999999999865;0;0
1582466799750;0.6349999999999855;0;0
1582466799768;0.6439999999999845;0;0
1582466799788;0.6529999999999835;0;0
1582466799807;0.6619999999999825;0;0
1582466799829;0.6709999999999815;0;0
1582466799851;0.6799999999999805;0;0
1582466799867;0.6889999999999795;0;0
1582466799888;0.6979999999999785;0;0
1582466799909;0.7069999999999775;0;0
1582466799928;0.7159999999999765;0;0
1582466799947;0.7249999999999756;0;0
1582466799967;0.7339999999999746;0;0
1582466799989;0.7429999999999736;0;0
1582466800008;0.7519999999999726;0;0
1582466800027;0.7609999999999716;0;0
1582466800047;0.7699999999999706;0;0
1582466800068;0.7789999999999696;0;0
1582466800088;0.7879999999999686;0;0
1582466800108;0.7969999999999676;0;0
1582466800129;0.8059999999999666;0;0
1582466800149;0.8149999999999656;0;0
1582466800195;0.8239999999999646;0;0
1582466800208;0.8329999999999637;0;0
1582466800228;0.8419999999999627;0;0
1582466800250;0.8509999999999617;0;0
1582466800288;0.8599999999999607;0;0
1582466800307;0.8689999999999597;0;0
1582466800327;0.8779999999999587;0;0
1582466800347;0.8869999999999577;0;0
1582466800367;0.8959999999999567;0;0
1582466800387;0.9049999999999557;0;0
1582466800408;0.9139999999999547;0;0
1582466800427;0.9229999999999537;0;0
1582466800447;0.9319999999999528;0;0
1582466800469;0.9384199999999531;0;0
1582466800487;0.9448399999999534;0;0
1582466800508;0.9512599999999537;0;0
1582466800528;0.957679999999954;0;0
1582466800554;0.9640999999999543;0;0
1582466800571;0.9705199999999546;0;0
1582466800587;0.976939999999955;0;0
1582466800608;0.9833599999999553;0;0
1582466800629;0.9897799999999556;0;0
1582466800648;0.9961999999999559;0;0
1582466800668;1.002619999999956;0;0
1582466800688;1.0090399999999564;0;0
1582466800707;1.0154599999999567;0;0
1582466800729;1.021879999999957;0;0
1582466800748;1.0282999999999574;0;0
1582466800768;1.0347199999999577;0;0
1582466800788;1.041139999999958;0;0
1582466800808;1.0475599999999583;0;0
1582466800831;1.0539799999999586;0;0
1582466800849;1.060399999999959;0;0
1582466800868;1.0668199999999592;0;0
1582466800887;1.0732399999999596;0;0
1582466800908;1.0796599999999599;0;0
1582466800929;1.0860799999999602;0;0
1582466800947;1.0924999999999605;0;0
1582466800967;1.0989199999999608;0;0
1582466800988;1.1053399999999611;0;0
1582466801008;1.1117599999999614;0;0
1582466801027;1.1181799999999618;0;0
1582466801047;1.124599999999962;0;0
1582466801067;1.1310199999999624;0;0
1582466801087;1.1374399999999627;0;0
1582466801107;1.143859999999963;0;0
1582466801127;1.1502799999999633;0;0
1582466801147;1.1566999999999636;0;0
1582466801186;1.163119999999964;0;0
1582466801187;1.1695399999999643;0;0
1582466801208;1.1759599999999646;0;0
1582466801227;1.182379999999965;0;0
1582466801247;1.1887999999999652;0;0
1582466801267;1.1952199999999655;0;0
1582466801287;1.2016399999999658;0;0
1582466801307;1.2080599999999662;0;0
1582466801328;1.2144799999999665;0;0
1582466801348;1.2208999999999668;0;0
1582466801367;1.227319999999967;0;0
1582466801387;1.2337399999999674;0;0
1582466801407;1.2401599999999677;0;0
1582466801427;1.246579999999968;0;0
1582466801447;1.2529999999999684;0;0
1582466801470;1.2574999999999668;0;0
1582466801487;1.2619999999999651;0;0
1582466801507;1.2664999999999635;0;0
1582466801530;1.270999999999962;0;0
1582466801550;1.2754999999999603;0;0
1582466801568;1.2799999999999587;0;0
1582466801587;1.2844999999999571;0;0
1582466801607;1.2889999999999555;0;0
1582466801628;1.293499999999954;0;0
1582466801647;1.2979999999999523;0;0
1582466801668;1.3024999999999507;0;0
1582466801688;1.306999999999949;0;0
1582466801708;1.3114999999999475;0;0
1582466801728;1.3159999999999459;0;0
1582466801748;1.3204999999999443;0;0
1582466801768;1.3249999999999427;0;0
1582466801788;1.329499999999941;0;0
1582466801808;1.3339999999999395;0;0
1582466801828;1.3384999999999379;0;0
1582466801848;1.3429999999999362;0;0
1582466801867;1.3474999999999346;0;0
1582466801887;1.351999999999933;0;0
1582466801907;1.3564999999999314;0;0
1582466801927;1.3609999999999298;0;0
1582466801948;1.3654999999999282;0;0
1582466801967;1.3699999999999266;0;0
1582466801988;1.374499999999925;0;0
1582466802009;1.3789999999999234;0;0
1582466802027;1.3834999999999218;0;0
1582466802048;1.3879999999999202;0;0
1582466802068;1.3924999999999186;0;0
1582466802087;1.396999999999917;0;0
1582466802108;1.4014999999999154;0;0
1582466802127;1.4059999999999138;0;0
1582466802148;1.4104999999999122;0;0
1582466802186;1.4149999999999106;0;0
1582466802188;1.419499999999909;0;0
1582466802208;1.4239999999999073;0;0
1582466802227;1.4284999999999057;0;0
1582466802247;1.4329999999999041;0;0
1582466802266;1.4374999999999025;0;0
1582466802287;1.441999999999901;0;0
1582466802306;1.4464999999998993;0;0
1582466802328;1.4509999999998977;0;0
1582466802347;1.455499999999896;0;0
1582466802368;1.4599999999998945;0;0
1582466802387;1.4644999999998929;0;0
1582466802409;1.4689999999998913;0;0
1582466802428;1.4734999999998897;0;0
1582466802447;1.477999999999888;0;0
1582466802472;1.4811799999998885;0;0
1582466802487;1.4843599999998889;0;0
1582466802507;1.4875399999998893;0;0
1582466802527;1.4907199999998897;0;0
1582466802549;1.49389999999989;0;0
1582466802567;1.4970799999998905;0;0
1582466802588;1.500259999999891;0;0
1582466802608;1.5034399999998913;0;0
1582466802627;1.5066199999998917;0;0
1582466802649;1.5097999999998921;0;0
1582466802667;1.5129799999998925;0;0
1582466802686;1.516159999999893;0;0
1582466802707;1.5193399999998933;0;0
1582466802727;1.5225199999998937;0;0
1582466802749;1.5256999999998941;0;0
1582466802771;1.5288799999998945;0;0
1582466802789;1.532059999999895;0;0
1582466802808;1.5352399999998954;0;0
1582466802828;1.5384199999998958;0;0
1582466802850;1.5415999999998962;0;0
1582466802869;1.5447799999998966;0;0
1582466802887;1.547959999999897;0;0
1582466802907;1.5511399999998974;0;0
1582466802927;1.5543199999998978;0;0
1582466802948;1.5574999999998982;0;0
1582466802967;1.5606799999998986;0;0
1582466802987;1.563859999999899;0;0
1582466803008;1.5670399999998994;0;0
1582466803028;1.5702199999998998;0;0
1582466803047;1.5733999999999002;0;0
1582466803067;1.5765799999999006;0;0
1582466803088;1.579759999999901;0;0
1582466803107;1.5829399999999014;0;0
1582466803127;1.5861199999999018;0;0
1582466803146;1.5892999999999022;0;0
1582466803180;1.5924799999999026;0;0
1582466803188;1.595659999999903;0;0
1582466803208;1.5988399999999034;0;0
1582466803228;1.6020199999999039;0;0
1582466803247;1.6051999999999043;0;0
1582466803268;1.6083799999999047;0;0
1582466803287;1.611559999999905;0;0
1582466803307;1.6147399999999055;0;0
1582466803328;1.6179199999999059;0;0
1582466803348;1.6210999999999063;0;0
1582466803369;1.6242799999999067;0;0
1582466803388;1.627459999999907;0;0
1582466803408;1.6306399999999075;0;0
1582466803429;1.633819999999908;0;0
1582466803449;1.6369999999999083;0;0
1582466803476;1.6392199999999078;0;0
1582466803488;1.6414399999999072;0;0
1582466803509;1.6436599999999066;0;0
1582466803529;1.645879999999906;0;0
1582466803549;1.6480999999999055;0;0
1582466803568;1.650319999999905;0;0
1582466803587;1.6525399999999044;0;0
1582466803607;1.6547599999999039;0;0
1582466803627;1.6569799999999033;0;0
1582466803649;1.6591999999999028;0;0
1582466803669;1.6614199999999022;0;0
1582466803688;1.6636399999999016;0;0
1582466803708;1.665859999999901;0;0
1582466803727;1.6680799999999005;0;0
1582466803749;1.6702999999999;0;0
1582466803769;1.6725199999998994;0;0
1582466803788;1.6747399999998989;0;0
1582466803807;1.6769599999998983;0;0
1582466803828;1.6791799999998978;0;0
1582466803847;1.6813999999998972;0;0
1582466803867;1.6836199999998966;0;0
1582466803890;1.685839999999896;0;0
1582466803908;1.6880599999998955;0;0
1582466803929;1.690279999999895;0;0
1582466803949;1.6924999999998944;0;0
1582466803969;1.6947199999998939;0;0
1582466803987;1.6969399999998933;0;0
1582466804008;1.6991599999998928;0;0
1582466804027;1.7013799999998922;0;0
1582466804048;1.7035999999998916;0;0
1582466804067;1.705819999999891;0;0
1582466804087;1.7080399999998905;0;0
1582466804108;1.71025999999989;0;0
1582466804128;1.7124799999998894;0;0
1582466804147;1.7146999999998889;0;0
1582466804181;1.7169199999998883;0;0
1582466804188;1.7191399999998878;0;0
1582466804207;1.7213599999998872;0;0
1582466804227;1.7235799999998866;0;0
1582466804248;1.725799999999886;0;0
1582466804269;1.7280199999998855;0;0
1582466804287;1.730239999999885;0;0
1582466804308;1.7324599999998844;0;0
1582466804329;1.7346799999998839;0;0
1582466804348;1.7368999999998833;0;0
1582466804368;1.7391199999998828;0;0
1582466804388;1.7413399999998822;0;0
1582466804408;1.7435599999998816;0;0
1582466804427;1.745779999999881;0;0
1582466804448;1.7479999999998805;0;0
1582466804470;1.749559999999881;0;0
1582466804490;1.7511199999998814;0;0
1582466804507;1.7526799999998819;0;0
1582466804528;1.7542399999998823;0;0
1582466804547;1.7557999999998828;0;0
1582466804567;1.7573599999998832;0;0
1582466804588;1.7589199999998837;0;0
1582466804608;1.7604799999998841;0;0
1582466804627;1.7620399999998846;0;0
1582466804647;1.763599999999885;0;0
1582466804667;1.7651599999998855;0;0
1582466804687;1.766719999999886;0;0
1582466804708;1.7682799999998864;0;0
1582466804729;1.7698399999998868;0;0
1582466804747;1.7713999999998873;0;0
1582466804767;1.7729599999998877;0;0
1582466804787;1.7745199999998882;0;0
1582466804807;1.7760799999998886;0;0
1582466804827;1.777639999999889;0;0
1582466804847;1.7791999999998895;0;0
1582466804868;1.78075999999989;0;0
1582466804888;1.7823199999998904;0;0
1582466804908;1.7838799999998909;0;0
1582466804927;1.7854399999998913;0;0
1582466804947;1.7869999999998918;0;0
1582466804968;1.7885599999998922;0;0
1582466804989;1.7901199999998927;0;0
1582466805008;1.7916799999998931;0;0
1582466805027;1.7932399999998936;0;0
1582466805048;1.794799999999894;0;0
1582466805067;1.7963599999998945;0;0
1582466805087;1.797919999999895;0;0
1582466805108;1.7994799999998954;0;0
1582466805128;1.8010399999998958;0;0
1582466805148;1.8025999999998963;0;0
1582466805204;1.8041599999998967;0;0
1582466805207;1.8057199999998972;0;0
1582466805227;1.8072799999998976;0;0
1582466805248;1.808839999999898;0;0
1582466805268;1.8103999999998985;0;0
1582466805288;1.811959999999899;0;0
1582466805308;1.8135199999998994;0;0
1582466805327;1.8150799999998999;0;0
1582466805347;1.8166399999999003;0;0
1582466805367;1.8181999999999008;0;0
1582466805389;1.8197599999999012;0;0
1582466805408;1.8213199999999017;0;0
1582466805429;1.8228799999999021;0;0
1582466805449;1.8244399999999026;0;0
1582466805469;1.8255199999999026;0;0
1582466805487;1.8265999999999025;0;0
1582466805507;1.8276799999999025;0;0
1582466805528;1.8287599999999025;0;0
1582466805548;1.8298399999999024;0;0
1582466805568;1.8309199999999024;0;0
1582466805587;1.8319999999999024;0;0
1582466805607;1.8330799999999023;0;0
1582466805628;1.8341599999999023;0;0
1582466805647;1.8352399999999023;0;0
1582466805669;1.8363199999999023;0;0
1582466805692;1.8373999999999022;0;0
1582466805708;1.8384799999999022;0;0
1582466805728;1.8395599999999022;0;0
1582466805748;1.8406399999999021;0;0
1582466805770;1.841719999999902;0;0
1582466805788;1.842799999999902;0;0
1582466805808;1.843879999999902;0;0
1582466805829;1.844959999999902;0;0
1582466805848;1.846039999999902;0;0
1582466805871;1.847119999999902;0;0
1582466805893;1.848199999999902;0;0
1582466805909;1.849279999999902;0;0
1582466805928;1.8503599999999019;0;0
1582466805948;1.8514399999999018;0;0
1582466805968;1.8525199999999018;0;0
1582466805989;1.8535999999999018;0;0
1582466806008;1.8546799999999017;0;0
1582466806028;1.8557599999999017;0;0
1582466806048;1.8568399999999017;0;0
1582466806068;1.8579199999999017;0;0
1582466806088;1.8589999999999016;0;0
1582466806108;1.8600799999999016;0;0
1582466806129;1.8611599999999016;0;0
1582466806148;1.8622399999999015;0;0
1582466806198;1.8633199999999015;0;0
1582466806209;1.8643999999999015;0;0
1582466806227;1.8654799999999014;0;0
1582466806249;1.8665599999999014;0;0
1582466806268;1.8676399999999014;0;0
1582466806289;1.8687199999999013;0;0
1582466806309;1.8697999999999013;0;0
1582466806329;1.8708799999999013;0;0
1582466806349;1.8719599999999013;0;0
1582466806370;1.8730399999999012;0;0
1582466806389;1.8741199999999012;0;0
1582466806408;1.8751999999999012;0;0
1582466806428;1.8762799999999011;0;0
1582466806448;1.877359999999901;0;0
1582466806471;1.8781399999998991;0;0
1582466806494;1.8789199999998971;0;0
1582466806509;1.8796999999998951;0;0
1582466806528;1.8804799999998931;0;0
1582466806548;1.8812599999998911;0;0
1582466806571;1.8820399999998891;0;0
1582466806593;1.8828199999998871;0;0
1582466806608;1.8835999999998851;0;0
1582466806628;1.8843799999998831;0;0
1582466806649;1.8851599999998812;0;0
1582466806669;1.8859399999998792;0;0
1582466806689;1.8867199999998772;0;0
1582466806708;1.8874999999998752;0;0
1582466806728;1.8882799999998732;0;0
1582466806748;1.8890599999998712;0;0
1582466806769;1.8898399999998692;0;0
1582466806789;1.8906199999998672;0;0
1582466806808;1.8913999999998652;0;0
1582466806828;1.8921799999998632;0;0
1582466806848;1.8929599999998612;0;0
1582466806870;1.8937399999998592;0;0
1582466806898;1.8945199999998572;0;0
1582466806909;1.8952999999998552;0;0
1582466806928;1.8960799999998532;0;0
1582466806947;1.8968599999998512;0;0
1582466806967;1.8976399999998492;0;0
1582466806988;1.8984199999998472;0;0
1582466807007;1.8991999999998452;0;0
1582466807028;1.8999799999998432;0;0
1582466807048;1.9007599999998412;0;0
1582466807068;1.9015399999998392;0;0
1582466807089;1.9023199999998373;0;0
1582466807107;1.9030999999998353;0;0
1582466807127;1.9038799999998333;0;0
1582466807147;1.9046599999998313;0;0
1582466807196;1.9054399999998293;0;0
1582466807210;1.9062199999998273;0;0
1582466807228;1.9069999999998253;0;0
1582466807248;1.9077799999998233;0;0
1582466807269;1.9085599999998213;0;0
1582466807289;1.9093399999998193;0;0
1582466807309;1.9101199999998173;0;0
1582466807328;1.9108999999998153;0;0
1582466807348;1.9116799999998133;0;0
1582466807369;1.9124599999998113;0;0
1582466807387;1.9132399999998093;0;0
1582466807408;1.9140199999998073;0;0
1582466807428;1.9147999999998053;0;0
1582466807449;1.9155799999998033;0;0
1582466807475;1.9161199999998033;0;0
1582466807489;1.9166599999998033;0;0
1582466807508;1.9171999999998033;0;0
1582466807528;1.9177399999998033;0;0
1582466807549;1.9182799999998033;0;0
1582466807568;1.9188199999998032;0;0
1582466807588;1.9193599999998032;0;0
1582466807608;1.9198999999998032;0;0
1582466807628;1.9204399999998032;0;0
1582466807648;1.9209799999998032;0;0
1582466807672;1.9215199999998032;0;0
1582466807695;1.9220599999998031;0;0
1582466807713;1.9225999999998031;0;0
1582466807728;1.9231399999998031;0;0
1582466807748;1.923679999999803;0;0
1582466807769;1.924219999999803;0;0
1582466807790;1.924759999999803;0;0
1582466807808;1.925299999999803;0;0
1582466807828;1.925839999999803;0;0
1582466807848;1.926379999999803;0;0
1582466807868;1.926919999999803;0;0
1582466807889;1.927459999999803;0;0
1582466807908;1.927999999999803;0;0
1582466807929;1.928539999999803;0;0
1582466807949;1.929079999999803;0;0
1582466807968;1.929619999999803;0;0
1582466807988;1.930159999999803;0;0
1582466808008;1.930699999999803;0;0
1582466808028;1.931239999999803;0;0
1582466808048;1.9317799999998029;0;0
1582466808068;1.9323199999998029;0;0
1582466808088;1.9328599999998028;0;0
1582466808108;1.9333999999998028;0;0
1582466808128;1.9339399999998028;0;0
1582466808148;1.9344799999998028;0;0
1582466808184;1.9350199999998028;0;0
1582466808188;1.9355599999998028;0;0
1582466808209;1.9360999999998028;0;0
1582466808229;1.9366399999998027;0;0
1582466808248;1.9371799999998027;0;0
1582466808267;1.9377199999998027;0;0
1582466808288;1.9382599999998027;0;0
1582466808308;1.9387999999998027;0;0
1582466808328;1.9393399999998027;0;0
1582466808349;1.9398799999998027;0;0
1582466808369;1.9404199999998026;0;0
1582466808388;1.9409599999998026;0;0
1582466808409;1.9414999999998026;0;0
1582466808429;1.9420399999998026;0;0
1582466808448;1.9425799999998026;0;0
1582466808469;1.942939999999804;0;0
1582466808488;1.9432999999998055;0;0
1582466808508;1.943659999999807;0;0
1582466808527;1.9440199999998085;0;0
1582466808547;1.94437999999981;0;0
1582466808567;1.9447399999998114;0;0
1582466808589;1.9450999999998129;0;0
1582466808608;1.9454599999998143;0;0
1582466808629;1.9458199999998158;0;0
1582466808648;1.9461799999998173;0;0
1582466808669;1.9465399999998187;0;0
1582466808689;1.9468999999998202;0;0
1582466808709;1.9472599999998217;0;0
1582466808729;1.9476199999998232;0;0
1582466808748;1.9479799999998246;0;0
1582466808768;1.948339999999826;0;0
1582466808789;1.9486999999998276;0;0
1582466808809;1.949059999999829;0;0
1582466808828;1.9494199999998305;0;0
1582466808848;1.949779999999832;0;0
1582466808870;1.9501399999998335;0;0
1582466808889;1.950499999999835;0;0
1582466808907;1.9508599999998364;0;0
1582466808927;1.9512199999998379;0;0
1582466808948;1.9515799999998393;0;0
1582466808969;1.9519399999998408;0;0
1582466808988;1.9522999999998423;0;0
1582466809008;1.9526599999998437;0;0
1582466809027;1.9530199999998452;0;0
1582466809048;1.9533799999998467;0;0
1582466809067;1.9537399999998482;0;0
1582466809087;1.9540999999998496;0;0
1582466809109;1.954459999999851;0;0
1582466809128;1.9548199999998526;0;0
1582466809147;1.955179999999854;0;0
1582466809198;1.9555399999998555;0;0
1582466809208;1.955899999999857;0;0
1582466809228;1.9562599999998584;0;0
1582466809249;1.95661999999986;0;0
1582466809268;1.9569799999998614;0;0
1582466809288;1.9573399999998629;0;0
1582466809308;1.9576999999998643;0;0
1582466809328;1.9580599999998658;0;0
1582466809348;1.9584199999998673;0;0
1582466809369;1.9587799999998687;0;0
1582466809389;1.9591399999998702;0;0
1582466809409;1.9594999999998717;0;0
1582466809429;1.9598599999998731;0;0
1582466809448;1.9602199999998746;0;0
1582466809472;1.9604599999998726;0;0
1582466809495;1.9606999999998707;0;0
1582466809512;1.9609399999998687;0;0
1582466809528;1.9611799999998667;0;0
1582466809548;1.9614199999998647;0;0
1582466809569;1.9616599999998627;0;0
1582466809590;1.9618999999998608;0;0
1582466809613;1.9621399999998588;0;0
1582466809630;1.9623799999998568;0;0
1582466809649;1.9626199999998548;0;0
1582466809669;1.9628599999998528;0;0
1582466809691;1.9630999999998509;0;0
1582466809709;1.9633399999998489;0;0
1582466809729;1.963579999999847;0;0
1582466809748;1.963819999999845;0;0
1582466809768;1.964059999999843;0;0
1582466809790;1.964299999999841;0;0
1582466809810;1.964539999999839;0;0
1582466809832;1.964779999999837;0;0
1582466809848;1.965019999999835;0;0
1582466809869;1.965259999999833;0;0
1582466809891;1.965499999999831;0;0
1582466809909;1.965739999999829;0;0
1582466809929;1.965979999999827;0;0
1582466809948;1.966219999999825;0;0
1582466809969;1.9664599999998231;0;0
1582466809990;1.9666999999998211;0;0
1582466810009;1.9669399999998192;0;0
1582466810028;1.9671799999998172;0;0
1582466810048;1.9674199999998152;0;0
1582466810069;1.9676599999998132;0;0
1582466810089;1.9678999999998112;0;0
1582466810110;1.9681399999998093;0;0
1582466810128;1.9683799999998073;0;0
1582466810148;1.9686199999998053;0;0
1582466810207;1.9688599999998033;0;0
1582466810208;1.9690999999998013;0;0
1582466810227;1.9693399999997994;0;0
1582466810248;1.9695799999997974;0;0
1582466810269;1.9698199999997954;0;0
1582466810289;1.9700599999997934;0;0
1582466810308;1.9702999999997914;0;0
1582466810330;1.9705399999997895;0;0
1582466810348;1.9707799999997875;0;0
1582466810369;1.9710199999997855;0;0
1582466810388;1.9712599999997835;0;0
1582466810408;1.9714999999997815;0;0
1582466810429;1.9717399999997796;0;0
1582466810450;1.9719799999997776;0;0
1582466810470;1.972159999999776;0;0
1582466810488;1.9723399999997746;0;0
1582466810508;1.9725199999997731;0;0
1582466810528;1.9726999999997716;0;0
1582466810548;1.9728799999997702;0;0
1582466810568;1.9730599999997687;0;0
1582466810590;1.9732399999997672;0;0
1582466810609;1.9734199999997657;0;0
1582466810628;1.9735999999997642;0;0
1582466810647;1.9737799999997627;0;0
1582466810668;1.9739599999997612;0;0
1582466810688;1.9741399999997598;0;0
1582466810709;1.9743199999997583;0;0
1582466810728;1.9744999999997568;0;0
1582466810748;1.9746799999997553;0;0
1582466810770;1.9748599999997538;0;0
1582466810789;1.9750399999997523;0;0
1582466810810;1.9752199999997508;0;0
1582466810828;1.9753999999997494;0;0
1582466810849;1.9755799999997479;0;0
1582466810869;1.9757599999997464;0;0
1582466810888;1.975939999999745;0;0
1582466810908;1.9761199999997434;0;0
1582466810928;1.976299999999742;0;0
1582466810948;1.9764799999997404;0;0
1582466810970;1.976659999999739;0;0
1582466810989;1.9768399999997375;0;0
1582466811009;1.977019999999736;0;0
1582466811028;1.9771999999997345;0;0
1582466811048;1.977379999999733;0;0
1582466811068;1.9775599999997315;0;0
1582466811088;1.97773999999973;0;0
1582466811108;1.9779199999997286;0;0
1582466811128;1.978099999999727;0;0
1582466811148;1.9782799999997256;0;0
1582466811200;1.978459999999724;0;0
1582466811209;1.9786399999997226;0;0
1582466811227;1.9788199999997211;0;0
1582466811247;1.9789999999997197;0;0
1582466811268;1.9791799999997182;0;0
1582466811288;1.9793599999997167;0;0
1582466811308;1.9795399999997152;0;0
1582466811328;1.9797199999997137;0;0
1582466811348;1.9798999999997122;0;0
1582466811368;1.9800799999997107;0;0
1582466811388;1.9802599999997093;0;0
1582466811408;1.9804399999997078;0;0
1582466811429;1.9806199999997063;0;0
1582466811448;1.9807999999997048;0;0
1582466811469;1.9809199999997038;0;0
1582466811489;1.9810399999997028;0;0
1582466811508;1.9811599999997018;0;0
1582466811528;1.9812799999997008;0;0
1582466811548;1.9813999999996998;0;0
1582466811568;1.9815199999996989;0;0
1582466811588;1.9816399999996979;0;0
1582466811608;1.9817599999996969;0;0
1582466811628;1.9818799999996959;0;0
1582466811648;1.981999999999695;0;0
1582466811668;1.982119999999694;0;0
1582466811690;1.982239999999693;0;0
1582466811711;1.982359999999692;0;0
1582466811731;1.982479999999691;0;0
1582466811748;1.98259999999969;0;0
1582466811769;1.982719999999689;0;0
1582466811789;1.982839999999688;0;0
1582466811809;1.982959999999687;0;0
1582466811827;1.983079999999686;0;0
1582466811848;1.983199999999685;0;0
1582466811869;1.983319999999684;0;0
1582466811888;1.983439999999683;0;0
1582466811909;1.983559999999682;0;0
1582466811928;1.983679999999681;0;0
1582466811948;1.98379999999968;0;0
1582466811969;1.983919999999679;0;0
1582466811988;1.984039999999678;0;0
1582466812008;1.984159999999677;0;0
1582466812028;1.984279999999676;0;0
1582466812047;1.984399999999675;0;0
1582466812068;1.984519999999674;0;0
1582466812090;1.984639999999673;0;0
1582466812109;1.9847599999996721;0;0
1582466812128;1.9848799999996711;0;0
1582466812148;1.9849999999996701;0;0
1582466812190;1.9851199999996691;0;0
1582466812210;1.9852399999996682;0;0
1582466812228;1.9853599999996672;0;0
1582466812249;1.9854799999996662;0;0
1582466812268;1.9855999999996652;0;0
1582466812288;1.9857199999996642;0;0
1582466812308;1.9858399999996632;0;0
1582466812329;1.9859599999996622;0;0
1582466812349;1.9860799999996612;0;0
1582466812368;1.9861999999996602;0;0
1582466812388;1.9863199999996592;0;0
1582466812408;1.9864399999996583;0;0
1582466812429;1.9865599999996573;0;0
1582466812448;1.9866799999996563;0;0
1582466812474;1.9867999999996553;0;0
1582466812489;1.9869199999996543;0;0
1582466812510;1.9870399999996533;0;0
1582466812528;1.9871599999996523;0;0
1582466812548;1.9872799999996513;0;0
1582466812569;1.9873999999996503;0;0
1582466812589;1.9875199999996493;0;0
1582466812609;1.9876399999996484;0;0
1582466812630;1.9877599999996474;0;0
1582466812648;1.9878799999996464;0;0
1582466812667;1.9879999999996454;0;0
1582466812688;1.9881199999996444;0;0
1582466812712;1.9882399999996434;0;0
1582466812730;1.9883599999996424;0;0
1582466812748;1.9884799999996414;0;0
1582466812768;1.9885999999996404;0;0
1582466812788;1.9887199999996394;0;0
1582466812811;1.9888399999996385;0;0
1582466812830;1.9889599999996375;0;0
1582466812848;1.9890799999996365;0;0
1582466812868;1.9891999999996355;0;0
1582466812888;1.9893199999996345;0;0
1582466812909;1.9894399999996335;0;0
1582466812928;1.9895599999996325;0;0
1582466812948;1.9896799999996315;0;0
1582466812970;1.9897999999996305;0;0
1582466812989;1.9899199999996295;0;0
1582466813009;1.9900399999996286;0;0
1582466813028;1.9901599999996276;0;0
1582466813047;1.9902799999996266;0;0
1582466813068;1.9903999999996256;0;0
1582466813089;1.9905199999996246;0;0
1582466813108;1.9906399999996236;0;0
1582466813129;1.9907599999996226;0;0
1582466813148;1.9908799999996216;0;0
1582466813181;1.9909999999996206;0;0
1582466813189;1.9911199999996196;0;0
1582466813208;1.9912399999996186;0;0
1582466813229;1.9913599999996177;0;0
1582466813249;1.9914799999996167;0;0
1582466813268;1.9915999999996157;0;0
1582466813288;1.9917199999996147;0;0
1582466813308;1.9918399999996137;0;0
1582466813329;1.9919599999996127;0;0
1582466813348;1.9920799999996117;0;0
1582466813368;1.9921999999996107;0;0
1582466813388;1.9923199999996097;0;0
1582466813408;1.9924399999996087;0;0
1582466813428;1.9925599999996078;0;0
1582466813448;1.9926799999996068;0;0
1582466813469;1.9927399999996063;0;0
1582466813489;1.9927999999996058;0;0
1582466813508;1.9928599999996053;0;0
1582466813528;1.9929199999996048;0;0
1582466813548;1.9929799999996043;0;0
1582466813568;1.9930399999996038;0;0
1582466813589;1.9930999999996033;0;0
1582466813607;1.9931599999996028;0;0
1582466813628;1.9932199999996023;0;0
1582466813649;1.9932799999996018;0;0
1582466813669;1.9933399999996013;0;0
1582466813689;1.9933999999996008;0;0
1582466813710;1.9934599999996003;0;0
1582466813728;1.9935199999995998;0;0
1582466813748;1.9935799999995993;0;0
1582466813768;1.9936399999995988;0;0
1582466813788;1.9936999999995983;0;0
1582466813808;1.9937599999995979;0;0
1582466813828;1.9938199999995974;0;0
1582466813849;1.9938799999995969;0;0
1582466813869;1.9939399999995964;0;0
1582466813887;1.9939999999995959;0;0
1582466813910;1.9940599999995954;0;0
1582466813929;1.9941199999995949;0;0
1582466813950;1.9941799999995944;0;0
1582466813968;1.994239999999594;0;0
1582466813989;1.9942999999995934;0;0
1582466814008;1.994359999999593;0;0
1582466814028;1.9944199999995924;0;0
1582466814048;1.994479999999592;0;0
1582466814069;1.9945399999995914;0;0
1582466814088;1.994599999999591;0;0
1582466814108;1.9946599999995904;0;0
1582466814130;1.99471999999959;0;0
1582466814150;1.9947799999995894;0;0
1582466814199;1.994839999999589;0;0
1582466814209;1.9948999999995884;0;0
1582466814229;1.994959999999588;0;0
1582466814248;1.9950199999995875;0;0
1582466814270;1.995079999999587;0;0
1582466814289;1.9951399999995865;0;0
1582466814309;1.995199999999586;0;0
1582466814329;1.9952599999995855;0;0
1582466814348;1.995319999999585;0;0
1582466814368;1.9953799999995845;0;0
1582466814388;1.995439999999584;0;0
1582466814408;1.9954999999995835;0;0
1582466814428;1.995559999999583;0;0
1582466814447;1.9956199999995825;0;0
1582466814471;1.995679999999582;0;0
1582466814488;1.9957399999995815;0;0
1582466814509;1.995799999999581;0;0
1582466814530;1.9958599999995805;0;0
1582466814548;1.99591999999958;0;0
1582466814568;1.9959799999995795;0;0
1582466814589;1.996039999999579;0;0
1582466814609;1.9960999999995785;0;0
1582466814630;1.996159999999578;0;0
1582466814652;1.9962199999995776;0;0
1582466814668;1.996279999999577;0;0
1582466814689;1.9963399999995766;0;0
1582466814709;1.996399999999576;0;0
1582466814729;1.9964599999995756;0;0
1582466814749;1.996519999999575;0;0
1582466814769;1.9965799999995746;0;0
1582466814788;1.996639999999574;0;0
1582466814808;1.9966999999995736;0;0
1582466814828;1.996759999999573;0;0
1582466814848;1.9968199999995726;0;0
1582466814869;1.996879999999572;0;0
1582466814888;1.9969399999995716;0;0
1582466814908;1.9969999999995711;0;0
1582466814928;1.9970599999995706;0;0
1582466814948;1.9971199999995701;0;0
1582466814969;1.9971799999995696;0;0
1582466814989;1.9972399999995691;0;0
1582466815008;1.9972999999995686;0;0
1582466815027;1.9973599999995681;0;0
1582466815049;1.9974199999995677;0;0
1582466815068;1.9974799999995672;0;0
1582466815088;1.9975399999995667;0;0
1582466815108;1.9975999999995662;0;0
1582466815127;1.9976599999995657;0;0
1582466815148;1.9977199999995652;0;0
1582466815189;1.9977799999995647;0;0
1582466815191;1.9978399999995642;0;0
1582466815207;1.9978999999995637;0;0
1582466815229;1.9979599999995632;0;0
1582466815249;1.9980199999995627;0;0
1582466815269;1.9980799999995622;0;0
1582466815289;1.9981399999995617;0;0
1582466815309;1.9981999999995612;0;0
1582466815329;1.9982599999995607;0;0
1582466815349;1.9983199999995602;0;0
1582466815369;1.9983799999995597;0;0
1582466815389;1.9984399999995592;0;0
1582466815409;1.9984999999995587;0;0
1582466815429;1.9985599999995582;0;0
1582466815449;1.9986199999995578;0;0
1582466815471;1.9986799999995573;0;0
1582466815489;1.9987399999995568;0;0
1582466815508;1.9987999999995563;0;0
1582466815530;1.9988599999995558;0;0
1582466815552;1.9989199999995553;0;0
1582466815568;1.9989799999995548;0;0
1582466815589;1.9990399999995543;0;0
1582466815607;1.9990999999995538;0;0
1582466815629;1.9991599999995533;0;0
1582466815649;1.9992199999995528;0;0
1582466815668;1.9992799999995523;0;0
1582466815689;1.9993399999995518;0;0
1582466815709;1.9993999999995513;0;0
1582466815730;1.9994599999995508;0;0
1582466815749;1.9995199999995503;0;0
1582466815768;1.9995799999995498;0;0
1582466815789;1.9996399999995493;0;0
1582466815809;1.9996999999995488;0;0
1582466815830;1.9997599999995483;0;0
1582466815851;1.9998199999995478;0;0
1582466815868;1.9998799999995474;0;0
1582466815888;1.9999399999995469;0;0
1582466815908;1.9999999999995464;0;0
1582466815927;2.000059999999546;0;0
1582466815948;2.0001199999995456;0;0
1582466815968;2.000179999999545;0;0
1582466815988;2.0002399999995446;0;0
1582466816007;2.000299999999544;0;0
1582466816027;2.0003599999995436;0;0
1582466816048;2.000419999999543;0;0
1582466816068;2.0004799999995426;0;0
1582466816088;2.000539999999542;0;0
1582466816108;2.0005999999995416;0;0
1582466816129;2.000659999999541;0;0
1582466816147;2.0007199999995406;0;0
1582466816204;2.00077999999954;0;0
1582466816208;2.0008399999995397;0;0
1582466816228;2.000899999999539;0;0
1582466816248;2.0009599999995387;0;0
1582466816268;2.001019999999538;0;0
1582466816287;2.0010799999995377;0;0
1582466816309;2.001139999999537;0;0
1582466816328;2.0011999999995367;0;0
1582466816349;2.001259999999536;0;0
1582466816369;2.0013199999995357;0;0
1582466816388;2.001379999999535;0;0
1582466816408;2.0014399999995347;0;0
1582466816428;2.001499999999534;0;0
1582466816449;2.0015599999995337;0;0
1582466816470;2.0015599999995337;0;0
1582466816488;2.0015599999995337;0;0
1582466816508;2.0015599999995337;0;0
1582466816528;2.0015599999995337;0;0
1582466816547;2.0015599999995337;0;0
1582466816567;2.0015599999995337;0;0
1582466816589;2.0015599999995337;0;0
1582466816609;2.0015599999995337;0;0
1582466816628;2.0015599999995337;0;0
1582466816649;2.0015599999995337;0;0
1582466816669;2.0015599999995337;0;0
1582466816688;2.0015599999995337;0;0
1582466816708;2.0015599999995337;0;0
1582466816728;2.0015599999995337;0;0
1582466816748;2.0015599999995337;0;0
1582466816768;2.0015599999995337;0;0
1582466816790;2.0015599999995337;0;0
1582466816808;2.0015599999995337;0;0
1582466816828;2.0015599999995337;0;0
